Metric,Resilience
Deterministic,0.2914507442971089
Stochastic Shocks,0.2782807498856878
Stochastic Small Noise,0.3069062769903003
Stochastic Large Noise,0.4964073693034621
