Metric,Resilience
Total Gridded,0.30972055147149646
R1,0.31624677319217065
R2,0.16529815218268376
Total Threshold Distribution,0.20871536306830432
5% Decarb Rate,0.17740298507462687
